report_id,report_text,sif_precursor,activity,hazard,barrier,location,severity,source,extracted_activity,extracted_hazard,extracted_barrier,extracted_barrier_status,extracted_location,extracted_equipment,extraction_summary
SYN-001,Worker was observed operating a drilling rig without wearing a hard hat or safety glasses. Supervisor on duty did not intervene. PPE signage was present but not enforced.,0,drilling,ppe_violation,enforcement_absent,well_site,medium,synthetic,Drilling,,PPE,Absent,,drilling rig,Activity: Drilling | Equipment: drilling rig | Barrier: PPE (Absent)
SYN-002,Maintenance technician entered confined storage tank without completing gas test. No attendant was stationed outside. Atmospheric monitoring was absent throughout the task.,1,maintenance,asphyxiation,gas_test_absent,storage_tank,critical,synthetic,Maintenance,Toxic Gas / H2S,Gas Testing,Absent,Storage Tank,,Activity: Maintenance | Hazard: Toxic Gas / H2S | Barrier: Gas Testing (Absent) | Location: Storage Tank
SYN-003,"During a routine pipeline inspection, a worker was found working at height on top of a 6-metre scaffold without wearing a harness. Guardrail was missing on one side.",1,inspection,fall_from_height,harness_absent,pipeline_section,high,synthetic,Inspection & Audit,Fall from Height,Fall Protection,Absent,,6-metre scaffold,Activity: Inspection & Audit | Equipment: 6-metre scaffold | Hazard: Fall from Height | Barrier: Fall Protection (Absent)
SYN-004,Welding operation was being carried out in a process area. Fire watch was absent and no hot work permit had been obtained. Flammable vapours were detected nearby.,1,welding,ignition_fire,fire_watch_absent,process_area,critical,synthetic,Welding,Fire / Explosion,Fire Watch,Absent,Process Area,,Activity: Welding | Hazard: Fire / Explosion | Barrier: Fire Watch (Absent) | Location: Process Area
SYN-005,A crane lift was in progress. Three workers were found standing below the load within the exclusion zone. No barricade had been set up around the lift area.,1,lifting,struck_by,exclusion_zone_absent,yard,high,synthetic,Lifting & Rigging,Struck-By,Exclusion Zone,Absent,,crane,Activity: Lifting & Rigging | Equipment: crane | Hazard: Struck-By | Barrier: Exclusion Zone (Absent)
SYN-006,Housekeeping inspection revealed oil spill near pump station entrance. Area was not cordoned off. Workers were walking through the spill without slip-resistant footwear.,0,housekeeping,slip_trip,barricade_absent,pump_station,low,synthetic,Inspection & Audit,Slip / Trip / Fall,Exclusion Zone,Unknown,Pump Room / Station,pump,Activity: Inspection & Audit | Equipment: pump | Hazard: Slip / Trip / Fall | Barrier: Exclusion Zone (Unknown) | Location: Pump Room / Station
SYN-007,A pressure relief valve was found leaking gas near the wellhead. The isolation valve had not been closed and no permit was raised. Nearby ignition sources were present.,1,inspection,gas_leak,isolation_absent,wellhead,critical,synthetic,,Toxic Gas / H2S,Hot Work Permit,Absent,Wellhead,pressure relief valve,Equipment: pressure relief valve | Hazard: Toxic Gas / H2S | Barrier: Hot Work Permit (Absent) | Location: Wellhead
SYN-008,Scaffolding board was found cracked and unsecured on the second level. Work had already commenced above. No supervisor had verified scaffold integrity before work started.,1,scaffolding,structural_failure,inspection_absent,derrick,high,synthetic,Scaffolding,,,,,scaffold,Activity: Scaffolding | Equipment: scaffold
SYN-009,Administrative staff reported a flickering light in the corridor near the control room. Facilities team notified for repair. No safety risk to operations identified.,0,maintenance,electrical_minor,notification_sent,office_block,low,synthetic,Maintenance,,,,Office Block,,Activity: Maintenance | Location: Office Block
SYN-010,Toolbox meeting was conducted at the start of shift. All workers signed attendance sheet. JSA was reviewed and all hazards discussed. No incidents to report.,0,pre_task,none,controls_in_place,drill_site,low,synthetic,Pre-task Briefing,,,,,,Activity: Pre-task Briefing
SYN-011,Worker was found not de-energized when working on the motor control panel. Lockout tagout not applied. Breaker was not locked before maintenance began on live circuit.,1,electrical_maintenance,electrocution,loto_absent,motor_room,critical,synthetic,Maintenance,Electrical Energy,Isolation,Absent,,motor control panel,Activity: Maintenance | Equipment: motor control panel | Hazard: Electrical Energy | Barrier: Isolation (Absent)
SYN-012,Gas testing was performed before entering the vessel. All readings were within safe limits. Entry permit was signed by the area authority. Attendant was present throughout.,0,vessel_entry,confined_space,controls_in_place,separator_vessel,medium,synthetic,,Toxic Gas / H2S,Gas Testing,Present,,,Hazard: Toxic Gas / H2S | Barrier: Gas Testing (Present)
SYN-013,"Fall protection not provided to workers performing elevated work at 4 metres. No harness, no safety net, no scaffold with guardrail. Workers were observed sitting on the edge.",1,construction,fall_from_height,fall_protection_absent,flare_stack,critical,synthetic,Working at Height,Fall from Height,Fall Protection,Absent,,scaffold,Activity: Working at Height | Equipment: scaffold | Hazard: Fall from Height | Barrier: Fall Protection (Absent)
SYN-014,Minor hand injury reported — worker cut finger on sharp metal edge during pipe fitting. First aid administered. No lost time. Tool box meeting held after incident.,0,pipe_fitting,laceration,glove_absent,pipe_yard,low,synthetic,Pipe Fitting,,,,,,Activity: Pipe Fitting
SYN-015,Cutting operation commenced in tank farm area without clearing gas. Hydrocarbon presence confirmed by gas detector. No hot work permit was obtained before cutting started.,1,cutting,fire_explosion,gas_clearance_absent,tank_farm,critical,synthetic,Cutting,Toxic Gas / H2S,Gas Testing,Absent,Tank Farm,gas detector,Activity: Cutting | Equipment: gas detector | Hazard: Toxic Gas / H2S | Barrier: Gas Testing (Absent) | Location: Tank Farm
SYN-016,"During offloading of chemical drums, a forklift operator reversed without a spotter. A pedestrian was struck by the forklift. Exclusion zone was not enforced in the yard.",1,material_handling,struck_by,spotter_absent,chemical_store,critical,synthetic,Lifting & Rigging,Struck-By,Spotter,Absent,,chemical drums,Activity: Lifting & Rigging | Equipment: chemical drums | Hazard: Struck-By | Barrier: Spotter (Absent)
SYN-017,All work in the confined space was completed safely. Gas monitoring equipment operated throughout. Entry permit was closed and signed off by the HSE supervisor.,0,vessel_maintenance,confined_space,controls_in_place,process_vessel,medium,synthetic,Confined Space Entry,,Entry Permit & Attendant,Unknown,,Gas monitoring equipment,Activity: Confined Space Entry | Equipment: Gas monitoring equipment | Barrier: Entry Permit & Attendant (Unknown)
SYN-018,Worker observed using mobile phone while operating a vehicle inside the site perimeter. No collision occurred. Reported by site camera review.,0,driving,distraction,policy_violation,site_road,medium,synthetic,Driving & Logistics,,,,Site Road,,Activity: Driving & Logistics | Location: Site Road
SYN-019,An H2S alarm was triggered near the separator station. All workers evacuated immediately per emergency procedure. Area isolated and gas level confirmed at 35 ppm. No injury.,0,emergency_response,h2s_exposure,evacuation_successful,separator_station,high,synthetic,Emergency Response,Toxic Gas / H2S,,,Separator Station,separator,Activity: Emergency Response | Equipment: separator | Hazard: Toxic Gas / H2S | Location: Separator Station
SYN-020,Electrical panel was found open and unguarded in a wet area. No lock was present. An untrained worker was seen near the exposed terminals with bare hands.,1,electrical,electrocution,guarding_absent,pump_room,critical,synthetic,,Electrical Energy,,,,Electrical panel,Equipment: Electrical panel | Hazard: Electrical Energy
SYN-021,Painter reported dizziness after working in enclosed storage room for two hours without ventilation. Room was not assessed for atmospheric conditions before work commenced.,1,painting,asphyxiation,ventilation_absent,storage_room,high,synthetic,Painting & Blasting,Asphyxiation,Ventilation,Absent,Storage Room,,Activity: Painting & Blasting | Hazard: Asphyxiation | Barrier: Ventilation (Absent) | Location: Storage Room
SYN-022,Safety officer conducted a random PPE audit. All workers in the area were found in full PPE compliance. No violations noted.,0,inspection,none,controls_in_place,well_pad,low,synthetic,Inspection & Audit,,PPE,Unknown,,,Activity: Inspection & Audit | Barrier: PPE (Unknown)
SYN-023,Caught between incident — worker's arm was caught between two rotating components of a pump during maintenance. No guarding was present and equipment was still energized.,1,pump_maintenance,caught_between,guarding_loto_absent,pump_station,critical,synthetic,Maintenance,Caught Between,Machine Guarding,Absent,,rotating components of a pump,Activity: Maintenance | Equipment: rotating components of a pump | Hazard: Caught Between | Barrier: Machine Guarding (Absent)
SYN-024,Fire extinguisher inspection completed. All units charged and serviceable. Tags updated. No issues found.,0,inspection,fire,controls_in_place,process_area,low,synthetic,Inspection & Audit,Fire / Explosion,Fire Watch,Present,,,Activity: Inspection & Audit | Hazard: Fire / Explosion | Barrier: Fire Watch (Present)
SYN-025,Worker was welding on a tank that had not been adequately purged. Internal atmosphere was not tested. An explosion occurred when ignition contacted residual gas.,1,welding,explosion,purge_absent,storage_tank,critical,synthetic,Welding,Fire / Explosion,,,Storage Tank,,Activity: Welding | Hazard: Fire / Explosion | Location: Storage Tank
SYN-026,Routine water sampling conducted at site. Results sent to environmental lab. No anomalies found in this round.,0,environmental,none,controls_in_place,site_boundary,low,synthetic,,,,,,,No specific safety context entities detected
SYN-027,Line of fire incident: Worker standing in the path of a pressurised hose that was released unexpectedly. Hose whip struck the worker. No isolation was in place.,1,pressure_testing,line_of_fire,isolation_absent,test_bay,critical,synthetic,,Struck-By,Isolation,Absent,,,Hazard: Struck-By | Barrier: Isolation (Absent)
SYN-028,Scaffold inspection certificate was expired by 3 days. Work had continued without re-inspection. Workers found working at height on uncertified scaffold without harness.,1,scaffolding,fall_from_height,inspection_overdue,tank_farm,high,synthetic,Working at Height,Fall from Height,Fall Protection,Absent,,Scaffold,Activity: Working at Height | Equipment: Scaffold | Hazard: Fall from Height | Barrier: Fall Protection (Absent)
SYN-029,Near miss — worker slipped on wet floor in the lunch room. No injury sustained. Area was mopped and wet floor sign placed.,0,housekeeping,slip_trip,warning_sign_absent,canteen,low,synthetic,,,,,,,No specific safety context entities detected
SYN-030,A dropped object was reported from an elevated platform. A spanner fell 8 metres and landed near a worker below. No exclusion zone had been established beneath the platform.,1,maintenance,dropped_object,exclusion_zone_absent,elevated_platform,critical,synthetic,,Structural Failure,Exclusion Zone,Absent,,,Hazard: Structural Failure | Barrier: Exclusion Zone (Absent)
SYN-031,Gas test not performed before confined space entry into the manhole. Permit was missing. Worker collapsed inside due to oxygen deficiency.,1,drainage_maintenance,asphyxiation,gas_test_absent,drainage_manhole,critical,synthetic,Confined Space Entry,Asphyxiation,Gas Testing,Absent,,,Activity: Confined Space Entry | Hazard: Asphyxiation | Barrier: Gas Testing (Absent)
SYN-032,Pre-task risk assessment completed for the day's activities. All high-risk tasks identified. Appropriate controls assigned. HSE officer signed off.,0,planning,none,controls_in_place,site_office,low,synthetic,,,,,,,No specific safety context entities detected
SYN-033,Ladder was found leaning against an unstable surface. Worker climbed to 5 metres without a spotter or ties. Ladder safety training not completed.,1,climbing,fall_from_height,ladder_unsafe,equipment_bay,high,synthetic,,,Spotter,Absent,,,Barrier: Spotter (Absent)
SYN-034,Chemical drum was stored incorrectly near ignition source. Drum label showed flammable content. No secondary containment present. Ignition source not cleared.,1,storage,fire_explosion,segregation_absent,chemical_store,high,synthetic,,Fire / Explosion,,,,,Hazard: Fire / Explosion
SYN-035,Grinding work commenced near a hydrocarbon pipeline. Hot work permit was absent. No gas detection was carried out before grinding started.,1,grinding,fire_explosion,permit_absent,pipeline_corridor,high,synthetic,Cutting,Fire / Explosion,Hot Work Permit,Absent,,,Activity: Cutting | Hazard: Fire / Explosion | Barrier: Hot Work Permit (Absent)
SYN-036,Worker reported back discomfort from prolonged manual lifting. Ergonomic assessment was requested. No lost time. Task redesigned to use mechanical assist.,0,lifting,ergonomic,controls_in_place,warehouse,low,synthetic,Lifting & Rigging,,,,,,Activity: Lifting & Rigging
SYN-037,Eye wash station found blocked by stored equipment. Station was inaccessible in an emergency. Chemical handling in the area ongoing at time of inspection.,0,inspection,chemical_splash,eye_wash_blocked,chemical_lab,medium,synthetic,Inspection & Audit,,,,,,Activity: Inspection & Audit
SYN-038,"During pipe blasting operations, no exclusion zone was established. Projectile fragments were observed landing near other workers who were unaware of the activity.",1,blasting,struck_by,exclusion_zone_absent,pipe_yard,critical,synthetic,,Struck-By,Exclusion Zone,Absent,,,Hazard: Struck-By | Barrier: Exclusion Zone (Absent)
SYN-039,New safety orientation completed for all contract workers arriving on site. All workers signed acknowledgement forms. Briefing covered all site-specific hazards.,0,training,none,controls_in_place,training_room,low,synthetic,,,,,,,No specific safety context entities detected
SYN-040,Isolation not verified before opening pressurised line. Worker received chemical burn when line was opened. Permit to work had not been raised for the task.,1,piping_maintenance,chemical_burn,isolation_absent,process_plant,critical,synthetic,,Electrical Energy,Isolation,Not Verified,,,Hazard: Electrical Energy | Barrier: Isolation (Not Verified)
SYN-041,Working at height observation: worker using damaged fall arrest equipment. Lanyard was frayed. Equipment had not been inspected and was past its service date.,1,elevated_work,fall_from_height,equipment_defective,derrick_platform,high,synthetic,Working at Height,Fall from Height,Fall Protection,Unknown,,,Activity: Working at Height | Hazard: Fall from Height | Barrier: Fall Protection (Unknown)
SYN-042,Monthly safety statistics presented to management. Lost time injury frequency rate was 0. No recordable incidents this month.,0,reporting,none,controls_in_place,site_office,low,synthetic,,,,,,,No specific safety context entities detected
SYN-043,"Fire watch was absent during grinding operations near an open drain. Sparks entered the drain, which contained residual hydrocarbons. Small fire resulted, quickly extinguished.",1,grinding,fire,fire_watch_absent,process_drain,high,synthetic,Cutting,Fire / Explosion,Fire Watch,Absent,,,Activity: Cutting | Hazard: Fire / Explosion | Barrier: Fire Watch (Absent)
SYN-044,Site emergency drill conducted. Muster time was within target. All personnel accounted for. First aid team responded appropriately.,0,emergency_response,none,controls_in_place,muster_point,low,synthetic,,,,,,,No specific safety context entities detected
SYN-045,Worker entered the pit (confined space) without attendant. Gas monitor was present but switched off. No communication link established with surface.,1,excavation,asphyxiation,attendant_absent,pipe_pit,critical,synthetic,Confined Space Entry,,Entry Permit & Attendant,Absent,,,Activity: Confined Space Entry | Barrier: Entry Permit & Attendant (Absent)
SYN-046,Bystander caught in the swing radius of a crane boom. Operator was unaware. No exclusion zone had been set up. Near miss — worker stepped back in time.,1,crane_operation,struck_by,exclusion_zone_absent,laydown_yard,high,synthetic,,Caught Between,Exclusion Zone,Absent,,crane,Equipment: crane | Hazard: Caught Between | Barrier: Exclusion Zone (Absent)
SYN-047,Work order raised for corroded handrail on staircase. Handrail was marked with caution tape pending repair. Staircase access not restricted.,0,inspection,fall_risk,temporary_barrier,staircase,medium,synthetic,Maintenance,,,,,,Activity: Maintenance
SYN-048,High-pressure water jetting performed without face shield. Worker's face was exposed to backspray at 2000 psi. PPE specified in JSA was not used.,1,cleaning,pressure_injury,ppe_absent,heat_exchanger,high,synthetic,,,PPE,Absent,,,Barrier: PPE (Absent)
SYN-049,Electrical isolation verified and tagged. Work proceeded safely inside the switchroom. All steps of the LOTO procedure followed correctly. No incidents.,0,electrical_maintenance,electrocution,loto_applied,switchroom,medium,synthetic,,Electrical Energy,Isolation,Present,,,Hazard: Electrical Energy | Barrier: Isolation (Present)
SYN-050,Open flame observed near chemical drum storage. Drum contained acetone — highly flammable. No hot work permit present. Fire watch was not stationed in the area.,1,hot_work,fire_explosion,fire_watch_permit_absent,chemical_warehouse,critical,synthetic,Hot Work,Fire / Explosion,Hot Work Permit,Absent,,,Activity: Hot Work | Hazard: Fire / Explosion | Barrier: Hot Work Permit (Absent)
