report_id,report_text,sif_precursor,activity,hazard,barrier,location,severity,source
SYN-015,Cutting operation commenced in tank farm area without clearing gas. Hydrocarbon presence confirmed by gas detector. No hot work permit was obtained before cutting started.,1,cutting,fire_explosion,gas_clearance_absent,tank_farm,critical,synthetic
SYN-027,Line of fire incident: Worker standing in the path of a pressurised hose that was released unexpectedly. Hose whip struck the worker. No isolation was in place.,1,pressure_testing,line_of_fire,isolation_absent,test_bay,critical,synthetic
SYN-007,A pressure relief valve was found leaking gas near the wellhead. The isolation valve had not been closed and no permit was raised. Nearby ignition sources were present.,1,inspection,gas_leak,isolation_absent,wellhead,critical,synthetic
SYN-013,"Fall protection not provided to workers performing elevated work at 4 metres. No harness, no safety net, no scaffold with guardrail. Workers were observed sitting on the edge.",1,construction,fall_from_height,fall_protection_absent,flare_stack,critical,synthetic
SYN-032,Pre-task risk assessment completed for the day's activities. All high-risk tasks identified. Appropriate controls assigned. HSE officer signed off.,0,planning,none,controls_in_place,site_office,low,synthetic
SYN-014,Minor hand injury reported — worker cut finger on sharp metal edge during pipe fitting. First aid administered. No lost time. Tool box meeting held after incident.,0,pipe_fitting,laceration,glove_absent,pipe_yard,low,synthetic
SYN-022,Safety officer conducted a random PPE audit. All workers in the area were found in full PPE compliance. No violations noted.,0,inspection,none,controls_in_place,well_pad,low,synthetic
SYN-011,Worker was found not de-energized when working on the motor control panel. Lockout tagout not applied. Breaker was not locked before maintenance began on live circuit.,1,electrical_maintenance,electrocution,loto_absent,motor_room,critical,synthetic
SYN-049,Electrical isolation verified and tagged. Work proceeded safely inside the switchroom. All steps of the LOTO procedure followed correctly. No incidents.,0,electrical_maintenance,electrocution,loto_applied,switchroom,medium,synthetic
SYN-019,An H2S alarm was triggered near the separator station. All workers evacuated immediately per emergency procedure. Area isolated and gas level confirmed at 35 ppm. No injury.,0,emergency_response,h2s_exposure,evacuation_successful,separator_station,high,synthetic
SYN-033,Ladder was found leaning against an unstable surface. Worker climbed to 5 metres without a spotter or ties. Ladder safety training not completed.,1,climbing,fall_from_height,ladder_unsafe,equipment_bay,high,synthetic
SYN-045,Worker entered the pit (confined space) without attendant. Gas monitor was present but switched off. No communication link established with surface.,1,excavation,asphyxiation,attendant_absent,pipe_pit,critical,synthetic
SYN-025,Worker was welding on a tank that had not been adequately purged. Internal atmosphere was not tested. An explosion occurred when ignition contacted residual gas.,1,welding,explosion,purge_absent,storage_tank,critical,synthetic
SYN-030,A dropped object was reported from an elevated platform. A spanner fell 8 metres and landed near a worker below. No exclusion zone had been established beneath the platform.,1,maintenance,dropped_object,exclusion_zone_absent,elevated_platform,critical,synthetic
SYN-037,Eye wash station found blocked by stored equipment. Station was inaccessible in an emergency. Chemical handling in the area ongoing at time of inspection.,0,inspection,chemical_splash,eye_wash_blocked,chemical_lab,medium,synthetic
SYN-050,Open flame observed near chemical drum storage. Drum contained acetone — highly flammable. No hot work permit present. Fire watch was not stationed in the area.,1,hot_work,fire_explosion,fire_watch_permit_absent,chemical_warehouse,critical,synthetic
SYN-039,New safety orientation completed for all contract workers arriving on site. All workers signed acknowledgement forms. Briefing covered all site-specific hazards.,0,training,none,controls_in_place,training_room,low,synthetic
SYN-043,"Fire watch was absent during grinding operations near an open drain. Sparks entered the drain, which contained residual hydrocarbons. Small fire resulted, quickly extinguished.",1,grinding,fire,fire_watch_absent,process_drain,high,synthetic
SYN-026,Routine water sampling conducted at site. Results sent to environmental lab. No anomalies found in this round.,0,environmental,none,controls_in_place,site_boundary,low,synthetic
SYN-044,Site emergency drill conducted. Muster time was within target. All personnel accounted for. First aid team responded appropriately.,0,emergency_response,none,controls_in_place,muster_point,low,synthetic
SYN-042,Monthly safety statistics presented to management. Lost time injury frequency rate was 0. No recordable incidents this month.,0,reporting,none,controls_in_place,site_office,low,synthetic
SYN-009,Administrative staff reported a flickering light in the corridor near the control room. Facilities team notified for repair. No safety risk to operations identified.,0,maintenance,electrical_minor,notification_sent,office_block,low,synthetic
SYN-005,A crane lift was in progress. Three workers were found standing below the load within the exclusion zone. No barricade had been set up around the lift area.,1,lifting,struck_by,exclusion_zone_absent,yard,high,synthetic
SYN-001,Worker was observed operating a drilling rig without wearing a hard hat or safety glasses. Supervisor on duty did not intervene. PPE signage was present but not enforced.,0,drilling,ppe_violation,enforcement_absent,well_site,medium,synthetic
SYN-028,Scaffold inspection certificate was expired by 3 days. Work had continued without re-inspection. Workers found working at height on uncertified scaffold without harness.,1,scaffolding,fall_from_height,inspection_overdue,tank_farm,high,synthetic
SYN-041,Working at height observation: worker using damaged fall arrest equipment. Lanyard was frayed. Equipment had not been inspected and was past its service date.,1,elevated_work,fall_from_height,equipment_defective,derrick_platform,high,synthetic
SYN-016,"During offloading of chemical drums, a forklift operator reversed without a spotter. A pedestrian was struck by the forklift. Exclusion zone was not enforced in the yard.",1,material_handling,struck_by,spotter_absent,chemical_store,critical,synthetic
SYN-034,Chemical drum was stored incorrectly near ignition source. Drum label showed flammable content. No secondary containment present. Ignition source not cleared.,1,storage,fire_explosion,segregation_absent,chemical_store,high,synthetic
SYN-018,Worker observed using mobile phone while operating a vehicle inside the site perimeter. No collision occurred. Reported by site camera review.,0,driving,distraction,policy_violation,site_road,medium,synthetic
SYN-004,Welding operation was being carried out in a process area. Fire watch was absent and no hot work permit had been obtained. Flammable vapours were detected nearby.,1,welding,ignition_fire,fire_watch_absent,process_area,critical,synthetic
SYN-008,Scaffolding board was found cracked and unsecured on the second level. Work had already commenced above. No supervisor had verified scaffold integrity before work started.,1,scaffolding,structural_failure,inspection_absent,derrick,high,synthetic
SYN-029,Near miss — worker slipped on wet floor in the lunch room. No injury sustained. Area was mopped and wet floor sign placed.,0,housekeeping,slip_trip,warning_sign_absent,canteen,low,synthetic
SYN-023,Caught between incident — worker's arm was caught between two rotating components of a pump during maintenance. No guarding was present and equipment was still energized.,1,pump_maintenance,caught_between,guarding_loto_absent,pump_station,critical,synthetic
SYN-006,Housekeeping inspection revealed oil spill near pump station entrance. Area was not cordoned off. Workers were walking through the spill without slip-resistant footwear.,0,housekeeping,slip_trip,barricade_absent,pump_station,low,synthetic
